{
  "workouts": [
    {
      "_id": "1",
      "name": "Human",
      "type": "dwef",
      "durationMinutes": 50,
      "caloriesBurned": 10,
      "intensity": "Medium",
      "date": "2026-02-26T00:00:00.000Z",
      "equipment": "ewf",
      "notes": "eef"
    },
    {
      "_id": "2",
      "name": "ewffwe",
      "type": "fwefwe",
      "durationMinutes": 151,
      "caloriesBurned": 3131,
      "intensity": "Medium",
      "date": "2026-02-26T00:00:00.000Z",
      "equipment": "wwfe",
      "notes": "wfewfe"
    }
  ],
  "users": [
    {
      "_id": "1",
      "username": "mme84855@gmail.com",
      "email": "mme84855@gmail.com",
      "passwordHash": "$2a$10$HUWubXNSICnWfSFwLjjXR.P0B8XZxG.xRxHQGdnY1US0IrIrHMJtS"
    }
  ],
  "lastId": {
    "workouts": 2,
    "users": 1
  }
}